Player,Nation,Pos,Squad,Age,Born,90s,Gls,Sh,SoT,SoT%,Sh/90,SoT/90,G/Sh,G/SoT,Dist
Sabit Abdulai\Sabit-Abdulai,gh GHA,MF,Getafe,21-341,1999,0.1,0,0,0,,0,0,,,
Marcos Acuña\Marcos-Acuna,ar ARG,DF,Sevilla,29-171,1991,19.5,1,13,2,15.4,0.67,0.1,0.08,0.5,20.6
Bobby Adekanye\Bobby-Adekanye,nl NED,FWMF,Cádiz,22-062,1999,0.4,0,1,0,0,2.5,0,0,,17.5
Martin Agirregabiria\Martin-Agirregabiria,es ESP,DFMF,Alavés,24-342,1996,11.8,0,2,0,0,0.17,0,0,,14.3
Joseph Aidoo\Joseph-Aidoo,gh GHA,DF,Celta Vigo,25-200,1995,11.6,0,7,0,0,0.61,0,0,,17.6
Carlos Akapo\Carlos-Akapo,gq EQG,DF,Cádiz,28-036,1993,4.9,0,0,0,,0,0,,,
Paul Akouokou\Paul-Akouokou,ci CIV,MF,Betis,23-118,1997,4.2,0,0,0,,0,0,,,
Jony Álamo\Jony-Alamo,es ESP,MF,Elche,19-204,2001,0.8,0,1,0,0,1.23,0,0,,26
Jordi Alba\Jordi-Alba,es ESP,DF,Barcelona,32-027,1989,26.1,3,21,11,52.4,0.8,0.42,0.14,0.27,20.3
Raúl Albiol\Raul-Albiol,es ESP,DF,Villarreal,35-225,1985,28.6,0,7,1,14.3,0.24,0.03,0,0,14.5
Paco Alcácer\Paco-Alcacer,es ESP,FW,Villarreal,27-230,1993,13.3,5,30,13,43.3,2.25,0.97,0.13,0.31,14.1
Pedro Alcalá\Pedro-Alcala,es ESP,DF,Cádiz,32-029,1989,8,0,1,0,0,0.12,0,0,,9
Rubén Alcaraz\Ruben-Alcaraz,es ESP,MF,Valladolid,29-351,1991,19.8,1,20,2,10,1.01,0.1,0.05,0.5,24.6
Iván Alejo\Ivan-Alejo,es ESP,MFFW,Cádiz,26-066,1995,5.1,1,10,3,30,1.97,0.59,0.1,0.33,17.4
Carles Aleñá\Carles-Alena,es ESP,MFFW,Getafe,23-102,1998,10.7,1,21,5,23.8,1.96,0.47,0.05,0.2,20.3
Carles Aleñá\Carles-Alena,es ESP,MF,Barcelona,23-102,1998,0.5,0,1,0,0,1.87,0,0,,17.5
Alfon\Alfon,es ESP,MF,Celta Vigo,21-348,1999,0.4,0,1,1,100,2.65,2.65,0,0,18.4
Sergio Álvarez\Sergio-Alvarez,es ESP,MFDF,Eibar,29-084,1992,15.4,0,5,2,40,0.33,0.13,0,0,16.8
Yeray Álvarez\Yeray-Alvarez,es ESP,DF,Athletic Club,26-083,1995,18.6,1,10,1,10,0.54,0.05,0.1,1,12.5
Jon Ander Garrido\Jon-Ander-Garrido,es ESP,MF,Cádiz,31-190,1989,6.6,0,5,1,20,0.76,0.15,0,0,12.7
Ángel\Angel,es ESP,GK,Granada,18-299,2002,1,0,0,0,,0,0,,,
Miguel Ángel Rubio\Miguel-Angel-Rubio,es ESP,DF,Valladolid,23-037,1998,1.5,0,1,0,0,0.67,0,0,,8.6
José Ángel\Jose-Angel,es ESP,DF,Eibar,31-224,1989,4.4,0,1,0,0,0.23,0,0,,29.1
José Antonio Miranda\Jose-Antonio-Miranda,gq EQG,DF,Getafe,22-269,1998,0.1,0,1,0,0,12.86,0,0,,8
Aritz Arambarri\Aritz-Arambarri,es ESP,DF,Real Sociedad,23-076,1998,0.3,0,1,0,0,3.46,0,0,,7
Mauro Arambarri\Mauro-Arambarri,uy URU,MF,Getafe,25-199,1995,27.7,3,38,7,18.4,1.37,0.25,0.08,0.43,24.9
Néstor Araujo\Nestor-Araujo,mx MEX,DF,Celta Vigo,29-231,1991,21.8,0,5,0,0,0.23,0,0,,10.8
Ronald Araújo\Ronald-Araujo,uy URU,DF,Barcelona,22-041,1999,12.2,1,6,2,33.3,0.49,0.16,0.17,0.5,9.8
Anaitz Arbilla\Anaitz-Arbilla,es ESP,DF,Eibar,33-337,1987,23.2,0,22,1,4.5,0.95,0.04,0,0,28.4
Unai Arietaleanizbeaskoa\Unai-Arietaleanizbeaskoa,es ESP,FWMF,Eibar,22-106,1999,0.4,0,0,0,,0,0,,,
Sergio Arribas\Sergio-Arribas,es ESP,FWDF,Real Madrid,19-199,2001,1.3,0,1,1,100,0.79,0.79,0,0,25.3
Sergio Asenjo\Sergio-Asenjo,es ESP,GK,Villarreal,31-293,1989,30,0,0,0,,0,0,,,
Marco Asensio\Marco-Asensio,es ESP,FW,Real Madrid,25-086,1996,16.3,4,29,8,27.6,1.78,0.49,0.14,0.5,18.4
Iago Aspas\Iago-Aspas,es ESP,FW,Celta Vigo,33-259,1987,25.2,12,39,19,48.7,1.54,0.75,0.21,0.42,15.4
Miguel Atienza\Miguel-Atienza,es ESP,MFFW,Eibar,21-325,1999,1.6,0,1,0,0,0.63,0,0,,21
Ezequiel Ávila\Ezequiel-Avila,ar ARG,FW,Osasuna,27-070,1994,0.2,0,1,1,100,6.43,6.43,0,0,13
Ramon Azeez\Ramon-Azeez,ng NGA,MFDF,Granada,28-126,1992,1.1,0,2,0,0,1.78,0,0,,13
Carlos Bacca\Carlos-Bacca,co COL,FW,Villarreal,34-221,1986,6.3,2,15,8,53.3,2.38,1.27,0.13,0.25,13.1
Édgar Badía\Edgar-Badia,es ESP,GK,Elche,29-064,1992,30,0,0,0,,0,0,,,
Alex Baena\Alex-Baena,es ESP,MF,Villarreal,19-271,2001,1.4,0,2,1,50,1.44,0.72,0,0,24
Miguel Baeza\Miguel-Baeza,es ESP,MFFW,Celta Vigo,21-021,2000,5.5,1,11,2,18.2,1.99,0.36,0.09,0.5,14.1
Mikel Balenziaga\Mikel-Balenziaga,es ESP,DF,Athletic Club,33-047,1988,10.8,0,2,1,50,0.19,0.09,0,0,30.7
Barcia\Barcia,es ESP,DF,Granada,20-107,2000,1,0,0,0,,0,0,,,
Enis Bardhi\Enis-Bardhi,mk MKD,MFFW,Levante,25-289,1995,13.5,1,28,11,39.3,2.07,0.81,0.04,0.09,20.2
Kike Barja\Kike-Barja,es ESP,MFFW,Osasuna,24-016,1997,11.8,1,15,8,53.3,1.27,0.68,0.07,0.13,15
Marc Baró Ortiz\Marc-Baro-Ortiz,es ESP,DF,Cádiz,21-237,1999,1,0,1,1,100,1,1,0,0,23.6
Antonio Barragán\Antonio-Barragan,es ESP,DF,Elche,33-309,1987,20.3,0,4,0,0,0.2,0,0,,14.4
Ander Barrenetxea\Ander-Barrenetxea,es ESP,MFFW,Real Sociedad,19-111,2001,10.7,3,18,6,33.3,1.68,0.56,0.17,0.5,18.6
Marc Bartra\Marc-Bartra,es ESP,DF,Betis,30-092,1991,13.8,0,11,4,36.4,0.8,0.29,0,0,18
Rodrigo Battaglia\Rodrigo-Battaglia,ar ARG,MF,Alavés,29-279,1991,21.5,0,11,3,27.3,0.51,0.14,0,0,14.4
Jon Bautista\Jon-Bautista,es ESP,FWMF,Real Sociedad,25-288,1995,2.7,0,7,2,28.6,2.64,0.75,0,0,16.2
Fran Beltrán\Fran-Beltran,es ESP,MF,Celta Vigo,22-073,1999,10,3,16,6,37.5,1.59,0.6,0.19,0.5,19.3
Sergio Benito\Sergio-Benito,es ESP,FW,Valladolid,22-025,1999,0,0,0,0,,0,0,,,
Karim Benzema\Karim-Benzema,fr FRA,FW,Real Madrid,33-119,1987,25.2,19,101,42,41.6,4.01,1.67,0.19,0.45,14.6
Yuri Berchiche\Yuri-Berchiche,es ESP,DF,Athletic Club,31-066,1990,18.7,1,16,6,37.5,0.86,0.32,0.06,0.17,19
Álex Berenguer\Alex-Berenguer,es ESP,FWMF,Athletic Club,25-287,1995,19,7,40,13,32.5,2.11,0.68,0.18,0.54,16.4
Pedro Bigas\Pedro-Bigas,es ESP,DF,Eibar,30-214,1990,16.8,0,10,1,10,0.59,0.06,0,0,12.9
Alejandro Blanco\Alejandro-Blanco,es ESP,MF,Valencia,22-122,1998,6.2,1,7,2,28.6,1.13,0.32,0.14,0.5,15.6
Rubén Blanco\Ruben-Blanco,es ESP,GK,Celta Vigo,25-266,1995,18.2,0,0,0,,0,0,,,
Yann Bodiger\Yann-Bodiger,fr FRA,MF,Cádiz,26-067,1995,2.8,0,0,0,,0,0,,,
Yassine Bounou\Yassine-Bounou,ma MAR,GK,Sevilla,30-012,1991,26,1,1,1,100,0.04,0.04,1,1,8
Lucas Boyé\Lucas-Boye,ar ARG,FW,Elche,25-048,1996,22.3,5,36,16,44.4,1.61,0.72,0.14,0.31,16.9
Martin Braithwaite\Martin-Braithwaite,dk DEN,FW,Barcelona,29-316,1991,12.2,2,22,7,31.8,1.8,0.57,0.09,0.29,11.6
Darko Brašanac\Darko-Brasanac,rs SRB,MF,Osasuna,29-064,1992,5.6,1,4,2,50,0.71,0.36,0.25,0.5,17.4
Álvaro Bravo\Alvaro-Bravo,es ESP,MF,Granada,23-072,1998,0.2,0,0,0,,0,0,,,
Claudio Bravo\Claudio-Bravo,cl CHI,GK,Betis,38-004,1983,12,0,0,0,,0,0,,,
Yan Brice Eteki\Yan-Brice-Eteki,cm CMR,MF,Granada,23-234,1997,11,0,4,3,75,0.36,0.27,0,0,15.8
Juan Brunet\Juan-Brunet,ar ARG,MF,Granada,23-083,1998,0.3,0,0,0,,0,0,,,
Bryan\Bryan,es ESP,FW,Sevilla,20-065,2001,0.1,0,0,0,,0,0,,,
Bryan\Bryan,es ESP,MFFW,Eibar,20-065,2001,19.5,3,31,9,29,1.59,0.46,0.1,0.33,17.9
Ante Budimir\Ante-Budimir,hr CRO,FW,Osasuna,29-269,1991,12.8,7,36,15,41.7,2.81,1.17,0.19,0.47,11.2
Esteban Burgos\Esteban-Burgos,ar ARG,DF,Eibar,29-098,1992,11.3,3,3,2,66.7,0.26,0.18,0.33,0.5,18.5
Burgui\Burgui,es ESP,MF,Alavés,27-170,1993,0.2,0,0,0,,0,0,,,
Sergio Busquets\Sergio-Busquets,es ESP,MF,Barcelona,32-275,1988,21.1,0,1,1,100,0.05,0.05,0,0,24
Erick Cabaco\Erick-Cabaco,uy URU,DF,Getafe,25-363,1995,14.7,0,4,0,0,0.27,0,0,,10.5
Cala\Cala,es ESP,DF,Cádiz,31-142,1989,22.7,2,11,4,36.4,0.48,0.18,0.18,0.5,13.9
Jonathan Calleri\Jonathan-Calleri,ar ARG,FW,Osasuna,27-206,1993,16.3,4,47,16,34,2.88,0.98,0.09,0.25,13.7
Dani Calvo\Dani-Calvo,es ESP,DF,Elche,27-016,1994,12.8,2,6,3,50,0.47,0.23,0.33,0.67,9
José Campaña\Jose-Campana,es ESP,MF,Levante,27-321,1993,8.3,1,12,4,33.3,1.44,0.48,0,0,22.3
Sergio Canales\Sergio-Canales,es ESP,MFFW,Betis,30-060,1991,21.8,7,38,9,23.7,1.74,0.41,0.13,0.56,21.4
Ander Capa\Ander-Capa,es ESP,DF,Athletic Club,29-068,1992,23.2,2,10,6,60,0.43,0.26,0.2,0.33,13.8
Étienne Capoue\Etienne-Capoue,fr FRA,MF,Villarreal,32-280,1988,7.9,0,2,0,0,0.25,0,0,,17.6
Isaac Carcelen\Isaac-Carcelen,es ESP,DF,Cádiz,27-359,1993,22.8,0,7,3,42.9,0.31,0.13,0,0,24.3
Cárdenas\Cardenas,es ESP,GK,Levante,24-020,1997,3,0,0,0,,0,0,,,
Marc Cardona\Marc-Cardona,es ESP,FWMF,Osasuna,25-283,1995,0.6,0,1,1,100,1.7,1.7,0,0,8.5
Diego Carlos\Diego-Carlos,br BRA,DF,Sevilla,28-033,1993,24.5,1,13,5,38.5,0.53,0.2,0.08,0.2,10.1
Juan Carlos\Juan-Carlos,es ESP,MFFW,Huesca,30-033,1991,3.2,0,4,1,25,1.24,0.31,0,0,11.7
Yannick Carrasco\Yannick-Carrasco,be BEL,DFMF,Atlético Madrid,27-225,1993,16.5,3,25,16,64,1.51,0.97,0.12,0.19,18.1
Sergio Carreira\Sergio-Carreira,es ESP,DF,Celta Vigo,20-186,2000,2.9,1,2,1,50,0.69,0.35,0.5,1,8.1
Guido Carrillo\Guido-Carrillo,ar ARG,FW,Elche,29-327,1991,9.5,3,20,6,30,2.1,0.63,0.15,0.5,12
Dani Carvajal\Dani-Carvajal,es ESP,DF,Real Madrid,29-096,1992,9.5,0,10,2,20,1.06,0.21,0,0,23.4
William Carvalho\William-Carvalho,pt POR,MF,Betis,29-010,1992,12.2,2,13,6,46.2,1.07,0.49,0.15,0.33,16.3
Casemiro\Casemiro,br BRA,MF,Real Madrid,29-053,1992,25.5,5,33,8,24.2,1.29,0.31,0.15,0.63,16.3
Sofian Chakla\Sofian-Chakla,ma MAR,DF,Getafe,27-227,1993,8.2,0,2,1,50,0.24,0.12,0,0,9
Sofian Chakla\Sofian-Chakla,ma MAR,DF,Villarreal,27-227,1993,0.1,0,1,0,0,6.92,0,0,,11
Chema\Chema,es ESP,DFMF,Getafe,29-045,1992,3.1,0,1,0,0,0.32,0,0,,48
Denis Cheryshev\Denis-Cheryshev,ru RUS,MF,Valencia,30-112,1990,9.9,0,20,5,25,2.03,0.51,0,0,18.7
Samuel Chukwueze\Samuel-Chukwueze,ng NGA,MFFW,Villarreal,21-330,1999,11.8,1,21,5,23.8,1.78,0.42,0.05,0.2,17.9
Víctor Chust\Victor-Chust,es ESP,DF,Real Madrid,21-043,2000,0.1,0,0,0,,0,0,,,
Cifu\Cifu,es ESP,DF,Elche,30-194,1990,4.8,0,3,0,0,0.62,0,0,,22.4
Alberto Cifuentes\Alberto-Cifuentes,es ESP,GK,Cádiz,41-323,1979,2,0,0,0,,0,0,,,
Jasper Cillessen\Jasper-Cillessen,nl NED,GK,Valencia,31-360,1989,5,0,0,0,,0,0,,,
Carlos Clerc\Carlos-Clerc,es ESP,DF,Levante,29-055,1992,25.6,0,6,4,66.7,0.23,0.16,0,0,19.2
Coke\Coke,es ESP,DF,Levante,33-356,1987,6.7,0,4,1,25,0.6,0.15,0,0,17.1
Francis Coquelin\Francis-Coquelin,fr FRA,MF,Villarreal,29-339,1991,5.7,0,4,0,0,0.7,0,0,,18.2
Iñigo Córdoba\Inigo-Cordoba,es ESP,MF,Alavés,24-035,1997,2.4,0,1,0,0,0.42,0,0,,17
Iñigo Córdoba\Inigo-Cordoba,es ESP,FWMF,Athletic Club,24-035,1997,1.1,0,2,0,0,1.89,0,0,,16.6
Ángel Correa\Angel-Correa,ar ARG,FWMF,Atlético Madrid,26-039,1995,20.2,4,35,15,42.9,1.74,0.74,0.11,0.27,16.9
Rober Correa\Rober-Correa,es ESP,DF,Eibar,28-209,1992,7.5,0,1,0,0,0.13,0,0,,22.5
Thierry Correia\Thierry-Correia,pt POR,DF,Valencia,22-039,1999,19.1,0,6,1,16.7,0.31,0.05,0,0,19.9
Diego Costa\Diego-Costa,es ESP,FW,Atlético Madrid,32-192,1988,2.3,2,4,2,50,1.73,0.87,0.25,0.5,13.1
Jaume Costa\Jaume-Costa,es ESP,DFMF,Villarreal,33-030,1988,3.8,0,2,0,0,0.53,0,0,,15.2
Thibaut Courtois\Thibaut-Courtois,be BEL,GK,Real Madrid,28-341,1992,30,0,0,0,,0,0,,,
Philippe Coutinho\Philippe-Coutinho,br BRA,MFFW,Barcelona,28-309,1992,7.3,2,28,9,32.1,3.85,1.24,0.07,0.22,17
Juan Cruz Armada\Juan-Cruz-Armada,es ESP,DF,Osasuna,28-263,1992,19.5,0,1,0,0,0.05,0,0,,20.1
Sergio Cubero Ezcurra\Sergio-Cubero-Ezcurra,es ESP,MF,Eibar,21-224,1999,0,0,0,0,,0,0,,,
Cucho\Cucho,co COL,FWMF,Getafe,21-362,1999,15.8,2,26,11,42.3,1.64,0.7,0.08,0.18,15.6
Marc Cucurella\Marc-Cucurella,es ESP,MFFW,Getafe,22-269,1998,28.8,3,25,8,32,0.87,0.28,0.12,0.38,16.5
Patrick Cutrone\Patrick-Cutrone,it ITA,FW,Valencia,23-104,1998,0.7,0,1,0,0,1.48,0,0,,16
Moussa Dembélé\Moussa-Dembele,fr FRA,MFFW,Atlético Madrid,24-279,1996,0.5,0,5,2,40,10.23,4.09,0,0,10.5
Ousmane Dembélé\Ousmane-Dembele,fr FRA,FW,Barcelona,23-337,1997,16.5,5,47,17,36.2,2.84,1.03,0.11,0.29,17.2
Sergiño Dest\Sergino-Dest,us USA,DF,Barcelona,20-165,2000,17.4,2,12,5,41.7,0.69,0.29,0.17,0.4,15.9
Deyverson\Deyverson,br BRA,FW,Alavés,29-344,1991,9.4,1,13,2,15.4,1.38,0.21,0.08,0.5,15.9
Abdoulay Diaby\Abdoulay-Diaby,ml MLI,MF,Getafe,29-331,1991,0.2,0,1,0,0,5,0,0,,14
Mouctar Diakhaby\Mouctar-Diakhaby,fr FRA,DF,Valencia,24-119,1996,17.9,1,9,4,44.4,0.5,0.22,0.11,0.25,10.5
Víctor Díaz\Victor-Diaz,es ESP,DF,Granada,32-309,1988,5.8,0,5,1,20,0.86,0.17,0,0,26.7
Papakouli Diop\Papakouli-Diop,sn SEN,MF,Eibar,35-029,1986,21,1,18,6,33.3,0.86,0.29,0.06,0.17,17.5
Djené\Djene,tg TOG,DF,Getafe,29-107,1991,25.4,0,1,0,0,0.04,0,0,,9
Marko Dmitrović\Marko-Dmitrovic,rs SRB,GK,Eibar,29-083,1992,27.7,1,1,0,0,0.04,0,0,,44
Jaume Doménech\Jaume-Domenech,es ESP,GK,Valencia,30-163,1990,25,0,0,0,,0,0,,,
John Donald\John-Donald,es ESP,DF,Elche,20-230,2000,0.6,0,0,0,,0,0,,,
Cheick Doukouré\Cheick-Doukoure,ci CIV,MF,Levante,28-218,1992,0.6,0,0,0,,0,0,,,
Idrissa Doumbia\Idrissa-Doumbia,ci CIV,MF,Huesca,23-003,1998,6.4,0,3,0,0,0.47,0,0,,17.8
Domingos Duarte\Domingos-Duarte,pt POR,DF,Granada,26-038,1995,23.4,1,7,2,28.6,0.3,0.09,0.14,0.5,8.2
Óscar Duarte\Oscar-Duarte,cr CRC,DF,Levante,31-318,1989,17.9,1,5,3,60,0.28,0.17,0.2,0.33,8.6
Rubén Duarte\Ruben-Duarte,es ESP,DF,Alavés,25-181,1995,24,0,9,0,0,0.38,0,0,,27.9
Hugo Duro\Hugo-Duro,es ESP,FW,Real Madrid,21-158,1999,0.6,0,1,0,0,1.64,0,0,,1.4
Aritz Elustondo\Aritz-Elustondo,es ESP,DF,Real Sociedad,27-020,1994,14.4,0,4,0,0,0.28,0,0,,12.6
Rodrigo Ely\Rodrigo-Ely,br BRA,DF,Alavés,27-165,1993,5.2,1,3,2,66.7,0.58,0.38,0.33,0.5,7.9
Emerson\Emerson,br BRA,DF,Betis,22-093,1999,25.2,1,8,2,25,0.32,0.08,0.13,0.5,19
Youssef En-Nesyri\Youssef-En-Nesyri,ma MAR,FW,Sevilla,23-320,1997,19.7,15,58,22,37.9,2.94,1.11,0.26,0.68,12.5
Sergi Enrich\Sergi-Enrich,es ESP,FW,Eibar,31-050,1990,11,2,26,7,26.9,2.36,0.63,0.08,0.29,9.6
Dani Escriche\Dani-Escriche,es ESP,FWMF,Huesca,23-024,1998,7,1,7,1,14.3,1,0.14,0.14,1,15.7
Sergio Escudero\Sergio-Escudero,es ESP,DF,Sevilla,31-227,1989,4.8,1,5,1,20,1.04,0.21,0.2,1,18.7
Alfonso Espino\Alfonso-Espino,uy URU,DF,Cádiz,29-102,1992,24.9,0,6,4,66.7,0.24,0.16,0,0,23.8
Vicente Esquerdo\Vicente-Esquerdo,es ESP,MF,Valencia,22-105,1999,2.6,0,1,0,0,0.39,0,0,,28
Pervis Estupiñán\Pervis-Estupinan,ec ECU,DF,Villarreal,23-086,1998,11.1,0,9,3,33.3,0.81,0.27,0,0,17.7
Xabier Etxeita\Xabier-Etxeita,es ESP,DF,Getafe,33-168,1987,9.8,0,4,0,0,0.41,0,0,,8.5
Edu Expósito\Edu-Exposito,es ESP,MF,Eibar,24-259,1996,23.3,0,34,7,20.6,1.46,0.3,0,0,23.6
Fali\Fali,es ESP,DFMF,Cádiz,27-248,1993,22.9,0,10,2,20,0.44,0.09,0,0,11.5
Ansu Fati\Ansu-Fati,es ESP,FW,Barcelona,18-168,2002,4.8,4,14,7,50,2.92,1.46,0.29,0.57,15.6
Nabil Fekir\Nabil-Fekir,fr FRA,MFFW,Betis,27-273,1993,24.4,3,78,20,25.6,3.2,0.82,0.03,0.1,21.4
Felipe\Felipe,br BRA,DF,Atlético Madrid,31-336,1989,17.5,0,7,1,14.3,0.4,0.06,0,0,9.4
João Félix\Joao-Felix,pt POR,FWMF,Atlético Madrid,21-158,1999,15.7,7,34,13,38.2,2.17,0.83,0.18,0.46,19.1
Aitor Fernández\Aitor-Fernandez,es ESP,GK,Levante,29-349,1991,26,0,0,0,,0,0,,,
Álex Fernández\Alex-Fernandez,es ESP,MF,Cádiz,28-184,1992,21.6,4,8,2,25,0.37,0.09,0.25,1,18.9
Álvaro Fernández\Alvaro-Fernandez,es ESP,GK,Huesca,23-004,1998,16,0,0,0,,0,0,,,
Andrés Fernández\Andres-Fernandez,es ESP,GK,Huesca,34-121,1986,14,0,0,0,,0,0,,,
Augusto Fernández\Augusto-Fernandez,ar ARG,MF,Cádiz,35-007,1986,2.7,0,0,0,,0,0,,,
Carlos Fernández\Carlos-Fernandez,es ESP,FW,Sevilla,24-330,1996,1.6,0,2,1,50,1.26,0.63,0,0,8.4
Carlos Fernández\Carlos-Fernandez,es ESP,FW,Real Sociedad,24-330,1996,2.5,0,3,2,66.7,1.18,0.79,0,0,12.4
Joaquín Fernández\Joaquin-Fernandez,es ESP,DF,Valladolid,24-321,1996,18,1,5,1,20,0.28,0.06,0.2,1,8
Fernando\Fernando,br BRA,MF,Sevilla,33-266,1987,21.9,1,2,1,50,0.09,0.05,0.5,1,19
David Ferreiro\David-Ferreiro,es ESP,MFFW,Huesca,33-016,1988,21.3,2,23,12,52.2,1.08,0.56,0.09,0.17,19.4
Facundo Ferreyra\Facundo-Ferreyra,ar ARG,FW,Celta Vigo,30-034,1991,2.4,1,6,2,33.3,2.55,0.85,0.17,0.5,12.5
Fidel\Fidel,es ESP,MFDF,Elche,31-172,1989,20.2,4,9,3,33.3,0.45,0.15,0.22,0.67,22.7
Junior Firpo\Junior-Firpo,es ESP,DF,Barcelona,24-238,1996,2.7,1,1,1,100,0.37,0.37,1,1,3
Kingsley Fobi\Kingsley-Fobi,gh GHA,DF,Granada,22-209,1998,0.5,0,0,0,,0,0,,,
Ramón Folch\Ramon-Folch,es ESP,MF,Elche,31-195,1989,0,0,0,0,,0,0,,,
José Fontán\Jose-Fontan,es ESP,DF,Celta Vigo,21-065,2000,5.1,0,5,3,60,0.97,0.58,0,0,13
Dimitri Foulquier\Dimitri-Foulquier,fr FRA,DF,Granada,28-025,1993,21.6,0,5,3,60,0.23,0.14,0,0,16.3
Juan Foyth\Juan-Foyth,ar ARG,MFDF,Villarreal,23-095,1998,11,0,1,0,0,0.09,0,0,,6
Jorge de Frutos\Jorge-de-Frutos,es ESP,MFFW,Levante,24-056,1997,16.8,4,21,10,47.6,1.25,0.6,0.19,0.4,17.1
Ramiro Funes Mori\Ramiro-Funes-Mori,ar ARG,DF,Villarreal,30-043,1991,4.1,0,1,0,0,0.25,0,0,,6
Javi Galán\Javi-Galan,es ESP,DF,Huesca,26-149,1994,28.3,1,5,1,20,0.18,0.04,0.2,1,23.3
Enric Gallego\Enric-Gallego,es ESP,FW,Osasuna,34-217,1986,7.5,0,11,4,36.4,1.46,0.53,0,0,13.3
Kévin Gameiro\Kevin-Gameiro,fr FRA,FW,Valencia,33-343,1987,9,3,11,6,54.5,1.23,0.67,0.27,0.5,12.9
Aleix García\Aleix-Garcia,es ESP,MF,Eibar,23-293,1997,4,0,3,1,33.3,0.75,0.25,0,0,17.1
Borja García\Borja-Garcia,es ESP,MFFW,Huesca,30-166,1990,12.2,1,13,2,15.4,1.06,0.16,0.08,0.5,19
Dani García\Dani-Garcia,es ESP,MF,Athletic Club,30-328,1990,18.6,0,6,1,16.7,0.32,0.05,0,0,17
David García\David-Garcia,es ESP,DF,Osasuna,27-062,1994,28,1,13,1,7.7,0.46,0.04,0.08,1,11.4
Manu García\Manu-Garcia,es ESP,MF,Alavés,34-356,1986,10.4,0,8,1,12.5,0.77,0.1,0,0,15.6
Raúl García\Raul-Garcia,es ESP,DFMF,Valladolid,31-352,1989,5.6,1,3,3,100,0.54,0.54,0.33,0.33,18.8
Raúl García\Raul-Garcia,es ESP,FWMF,Athletic Club,34-280,1986,17.9,4,39,9,23.1,2.18,0.5,0.05,0.22,17.2
Rubén García\Ruben-Garcia,es ESP,MFFW,Osasuna,27-277,1993,25.5,3,26,7,26.9,1.02,0.27,0.08,0.29,23.5
Sergi García\Sergi-Garcia,es ESP,MF,Alavés,22-003,1999,0.2,0,0,0,,0,0,,,
Unai García\Unai-Garcia,es ESP,DF,Osasuna,29-073,1992,10.2,0,3,0,0,0.29,0,0,,17.7
Mario Gaspar\Mario-Gaspar,es ESP,DF,Villarreal,30-144,1990,16.6,0,13,4,30.8,0.78,0.24,0,0,18.9
David Gil\David-Gil,es ESP,GK,Cádiz,27-096,1994,1,0,0,0,,0,0,,,
Álvaro Giménez\Alvaro-Gimenez,es ESP,FWMF,Cádiz,29-333,1991,4.5,2,5,2,40,1.11,0.44,0.4,1,10.6
Dani Gómez\Dani-Gomez,es ESP,FW,Levante,22-261,1998,14.3,2,25,6,24,1.75,0.42,0.08,0.33,15.5
Ibai Gómez\Ibai-Gomez,es ESP,MF,Athletic Club,31-157,1989,1.8,0,1,0,0,0.55,0,0,,19.6
Maxi Gómez\Maxi-Gomez,uy URU,FW,Valencia,24-246,1996,24.4,5,48,20,41.7,1.97,0.82,0.1,0.25,17.5
Moi Gómez\Moi-Gomez,es ESP,MFFW,Villarreal,26-298,1994,23.5,3,19,9,47.4,0.81,0.38,0.11,0.22,16.9
Papu Gómez\Papu-Gomez,ar ARG,FWMF,Sevilla,33-061,1988,4.8,2,10,6,60,2.06,1.24,0.2,0.33,21.3
Sergi Gómez\Sergi-Gomez,es ESP,DF,Sevilla,29-020,1992,8,0,1,0,0,0.13,0,0,,13
Sergio Gómez\Sergio-Gomez,es ESP,FWMF,Huesca,20-225,2000,5.1,0,6,2,33.3,1.18,0.39,0,0,21.9
Maxime Gonalons\Maxime-Gonalons,fr FRA,MF,Granada,32-038,1989,11.6,0,2,1,50,0.17,0.09,0,0,11
Bruno González\Bruno-Gonzalez,es ESP,DF,Valladolid,30-328,1990,23.1,1,4,2,50,0.17,0.09,0.25,0.5,10
Diego González\Diego-Gonzalez,es ESP,DF,Elche,26-079,1995,9.2,0,3,1,33.3,0.33,0.11,0,0,7.3
Sergio González\Sergio-Gonzalez,es ESP,MF,Cádiz,23-338,1997,1,0,1,0,0,1,0,0,,7.6
Urko González\Urko-Gonzalez,es ESP,MF,Real Sociedad,20-028,2001,0.5,0,0,0,,0,0,,,
Andoni Gorosabel\Andoni-Gorosabel,es ESP,DF,Real Sociedad,24-256,1996,20.6,0,9,2,22.2,0.44,0.1,0,0,21
Antoine Griezmann\Antoine-Griezmann,fr FRA,FWMF,Barcelona,30-027,1991,21.4,8,53,22,41.5,2.48,1.03,0.15,0.36,14.7
Andrés Guardado\Andres-Guardado,mx MEX,MF,Betis,34-201,1986,10.9,0,8,4,50,0.73,0.37,0,0,22.4
Sergi Guardiola\Sergi-Guardiola,es ESP,FW,Valladolid,29-323,1991,17.8,1,28,7,25,1.57,0.39,0,0,16.1
Nemanja Gudelj\Nemanja-Gudelj,rs SRB,MFDF,Sevilla,29-152,1991,9.2,0,6,1,16.7,0.65,0.11,0,0,30.5
Gonçalo Guedes\Goncalo-Guedes,pt POR,MFFW,Valencia,24-139,1996,17.7,2,40,9,22.5,2.26,0.51,0.05,0.22,21.9
Ander Guevara\Ander-Guevara,es ESP,MF,Real Sociedad,23-284,1997,16.9,1,5,1,20,0.3,0.06,0.2,1,22.2
John Guidetti\John-Guidetti,se SWE,FW,Alavés,29-002,1992,0.8,0,2,0,0,2.37,0,0,,22.3
Hugo Guillamón\Hugo-Guillamon,es ESP,DF,Valencia,21-076,2000,15.4,1,6,1,16.7,0.39,0.07,0.17,1,10.4
Jon Guridi\Jon-Guridi,es ESP,MF,Real Sociedad,26-048,1995,6.2,0,7,2,28.6,1.12,0.32,0,0,18.9
Raúl Guti\Raul-Guti,es ESP,MF,Elche,24-108,1996,26,2,23,5,21.7,0.89,0.19,0.09,0.4,20.3
Marcos Mauro López Gutiérrez\Marcos-Mauro-Lopez-Gutierrez,ar ARG,DF,Cádiz,30-098,1991,14.3,1,3,2,66.7,0.21,0.14,0.33,0.5,11.3
Munir El Haddadi\Munir-El-Haddadi,ma MAR,FW,Sevilla,25-228,1995,9.4,4,32,13,40.6,3.42,1.39,0.13,0.31,16.1
Eden Hazard\Eden-Hazard,be BEL,FW,Real Madrid,30-100,1991,4.4,2,7,3,42.9,1.61,0.69,0.29,0.67,14.9
Mario Hermoso\Mario-Hermoso,es ESP,DF,Atlético Madrid,25-303,1995,24,1,16,4,25,0.67,0.17,0.06,0.25,17.1
Aridane Hernández\Aridane-Hernandez,gq EQG,DF,Osasuna,32-025,1989,18.5,0,1,0,0,0.05,0,0,,8
Héctor Herrera\Hector-Herrera,mx MEX,MF,Atlético Madrid,30-363,1990,5.2,0,2,0,0,0.39,0,0,,26.2
Sergio Herrera\Sergio-Herrera,es ESP,GK,Osasuna,27-316,1993,26.9,0,0,0,,0,0,,,
Yangel Herrera\Yangel-Herrera,ve VEN,MF,Granada,23-100,1998,21.4,3,28,7,25,1.31,0.33,0.11,0.43,16.9
Pablo Hervías\Pablo-Hervias,es ESP,DFFW,Valladolid,28-040,1993,11.6,0,11,5,45.5,0.95,0.43,0,0,27.8
Jordan Holsgrove\Jordan-Holsgrove,sco SCO,MF,Celta Vigo,21-219,1999,1.2,0,1,0,0,0.82,0,0,,12.8
Vicente Iborra\Vicente-Iborra,es ESP,MF,Villarreal,33-091,1988,10.3,0,3,0,0,0.29,0,0,,17
Oussama Idrissi\Oussama-Idrissi,ma MAR,FWMF,Sevilla,25-050,1996,0.3,0,1,1,100,3.33,3.33,0,0,10.4
Iglesias\Iglesias,es ESP,DF,Getafe,22-288,1998,3,0,3,1,33.3,0.99,0.33,0,0,26.2
Borja Iglesias\Borja-Iglesias,es ESP,FW,Betis,28-090,1993,9.2,7,21,6,28.6,2.27,0.65,0.19,0.67,17.5
Ilaix\Ilaix,es ESP,MFDF,Barcelona,18-088,2003,2.1,1,6,2,33.3,2.92,0.97,0.17,0.5,11.5
Asier Illarramendi\Asier-Illarramendi,es ESP,MF,Real Sociedad,31-040,1990,3.6,0,0,0,,0,0,,,
Pablo Insua\Pablo-Insua,es ESP,DF,Huesca,27-220,1993,15,0,2,0,0,0.13,0,0,,11.5
Takashi Inui\Takashi-Inui,jp JPN,MFFW,Eibar,32-319,1988,18.8,1,32,16,50,1.7,0.85,0.03,0.06,20
Alexander Isak\Alexander-Isak,se SWE,FW,Real Sociedad,21-208,1999,19.7,13,60,29,48.3,3.05,1.47,0.22,0.45,12.5
Isco\Isco,es ESP,MFFW,Real Madrid,28-361,1992,7.1,0,16,3,18.8,2.26,0.42,0,0,18.6
Jairo Izquierdo\Jairo-Izquierdo,es ESP,MFDF,Cádiz,27-177,1993,11.6,1,7,2,28.6,0.6,0.17,0.14,0.5,21.4
Saidy Janko\Saidy-Janko,ch SUI,DF,Valladolid,25-177,1995,8.6,0,3,1,33.3,0.35,0.12,0,0,17.1
Adnan Januzaj\Adnan-Januzaj,be BEL,FWMF,Real Sociedad,26-071,1995,8,2,27,8,29.6,3.36,1,0.04,0.13,21.2
Jason\Jason,es ESP,MFDF,Valencia,26-285,1994,4.7,0,5,0,0,1.06,0,0,,20.8
Luis Javier Suárez\Luis-Javier-Suarez,co COL,FWMF,Granada,23-136,1997,13.3,5,37,12,32.4,2.79,0.9,0.14,0.42,16.7
Joaquín\Joaquin,es ESP,FWMF,Betis,39-270,1981,11.3,2,11,6,54.5,0.97,0.53,0.18,0.33,14.7
John Joe\John-Joe,ie IRL,MFDF,Getafe,17-205,2003,0.7,0,2,0,0,2.77,0,0,,17
Frenkie de Jong\Frenkie-de-Jong,nl NED,MFDF,Barcelona,23-340,1997,28.2,3,12,4,33.3,0.43,0.14,0.25,0.75,10.8
Luuk de Jong\Luuk-de-Jong,nl NED,FW,Sevilla,30-233,1990,12.3,4,22,9,40.9,1.79,0.73,0.18,0.44,9.1
Jony\Jony,es ESP,MFFW,Osasuna,29-282,1991,7.9,0,11,4,36.4,1.39,0.51,0,0,19
Joan Jordán\Joan-Jordan,es ESP,MF,Sevilla,26-285,1994,21.7,1,22,3,13.6,1.01,0.14,0.05,0.33,22.4
Josan\Josan,es ESP,MFDF,Elche,31-135,1989,17.2,4,12,8,66.7,0.7,0.46,0.33,0.5,15.9
Willian José\Willian-Jose,br BRA,FW,Real Sociedad,29-145,1991,7.7,3,13,8,61.5,1.7,1.04,0.23,0.38,10.9
Joselu\Joselu,es ESP,FW,Alavés,31-021,1990,26.6,7,68,20,29.4,2.55,0.75,0.07,0.25,15.5
Josema\Josema,es ESP,DF,Elche,24-315,1996,19.4,0,6,0,0,0.31,0,0,,16
Jota\Jota,es ESP,MF,Alavés,29-305,1991,11.3,0,12,0,0,1.06,0,0,,20.4
Jota\Jota,pt POR,FW,Valladolid,22-018,1999,5.2,1,7,5,71.4,1.35,0.96,0.14,0.2,
Luka Jović\Luka-Jovic,rs SRB,FWMF,Real Madrid,23-115,1997,1.7,0,6,1,16.7,3.62,0.6,0,0,11.2
Juanmi\Juanmi,es ESP,FWMF,Betis,27-332,1993,5.9,2,14,5,35.7,2.38,0.85,0.14,0.4,10.9
Vinicius Júnior\Vinicius-Junior,br BRA,FW,Real Madrid,20-279,2000,16.4,3,29,7,24.1,1.77,0.43,0.1,0.43,13.3
Jens Jønsson\Jens-Jonsson,dk DEN,MF,Cádiz,28-097,1993,22.8,0,10,2,20,0.44,0.09,0,0,18.6
Damian Kądzior\Damian-Kadzior,pl POL,FWMF,Eibar,28-305,1992,2.2,0,5,1,20,2.31,0.46,0,0,21.5
Lee Kangin\Lee-Kangin,kr KOR,FWMF,Valencia,20-057,2001,11.1,0,20,4,20,1.8,0.36,0,0,21.9
Stephane Keller\Stephane-Keller,cm CMR,DF,Alavés,19-240,2001,0.2,0,0,0,,0,0,,,
Kenedy\Kenedy,br BRA,FWMF,Granada,25-068,1996,15.3,3,35,11,31.4,2.29,0.72,0.09,0.27,26.4
Kike\Kike,es ESP,FW,Eibar,31-143,1989,26.7,8,73,27,37,2.73,1.01,0.11,0.3,13.6
Giorgi Kochorashvili\Giorgi-Kochorashvili,ge GEO,MF,Levante,21-292,1999,0,0,0,0,,0,0,,,
Kenan Kodro\Kenan-Kodro,ba BIH,FWMF,Valladolid,27-241,1993,3.5,0,4,0,0,1.15,0,0,,8.2
Kenan Kodro\Kenan-Kodro,ba BIH,FWMF,Athletic Club,27-241,1993,0.5,1,1,1,100,2.05,2.05,0,0,37.6
Koba Koindredi\Koba-Koindredi,fr FRA,MF,Valencia,19-172,2001,0.2,0,0,0,,0,0,,,
Koke\Koke,es ESP,MF,Atlético Madrid,29-099,1992,26.6,1,13,5,38.5,0.49,0.19,0.08,0.2,21.3
Geoffrey Kondogbia\Geoffrey-Kondogbia,cf CTA,MFFW,Atlético Madrid,28-061,1993,4.9,0,3,1,33.3,0.61,0.2,0,0,23.9
Geoffrey Kondogbia\Geoffrey-Kondogbia,cf CTA,MF,Valencia,28-061,1993,4.9,0,4,2,50,0.82,0.41,0,0,33.2
Youssouf Koné\Youssouf-Kone,ml MLI,DFFW,Elche,25-286,1995,0.8,0,0,0,,0,0,,,
Jules Koundé\Jules-Kounde,fr FRA,DF,Sevilla,22-156,1998,25.1,2,16,4,25,0.64,0.16,0.13,0.5,11.2
Toni Kroos\Toni-Kroos,de GER,MF,Real Madrid,31-103,1990,22.5,3,33,12,36.4,1.47,0.53,0.09,0.25,21.5
Takefusa Kubo\Takefusa-Kubo,jp JPN,MFFW,Getafe,19-317,2001,6.3,0,12,6,50,1.89,0.95,0,0,18.9
Takefusa Kubo\Takefusa-Kubo,jp JPN,MFFW,Villarreal,19-317,2001,3.3,0,8,5,62.5,2.41,1.51,0,0,14.5
Kuki\Kuki,es ESP,MF,Valladolid,22-347,1998,0.3,0,0,0,,0,0,,,
Víctor Laguardia\Victor-Laguardia,es ESP,DF,Alavés,31-163,1989,22.2,0,5,2,40,0.22,0.09,0,0,7.1
Diego Lainez\Diego-Lainez,mx MEX,FWMF,Betis,20-312,2000,6.5,0,11,3,27.3,1.7,0.46,0,0,17.9
Toni Lato\Toni-Lato,es ESP,DF,Valencia,23-147,1997,5.5,1,2,2,100,0.36,0.36,0.5,0.5,11.6
Lauti\Lauti,uy URU,MFFW,Celta Vigo,20-067,2001,0.2,0,0,0,,0,0,,,
Robin Le Normand\Robin-Le-Normand,fr FRA,DF,Real Sociedad,24-157,1996,23.6,0,11,1,9.1,0.47,0.04,0,0,10.2
Jeremías Ledesma\Jeremias-Ledesma,ar ARG,GK,Cádiz,28-063,1993,27,0,0,0,,0,0,,,
Florian Lejeune\Florian-Lejeune,fr FRA,DF,Alavés,29-332,1991,26.5,1,18,6,33.3,0.68,0.23,0.06,0.17,18.7
Iñigo Lekue\Inigo-Lekue,es ESP,DF,Athletic Club,27-348,1993,4.5,0,1,1,100,0.22,0.22,0,0,22
Thomas Lemar\Thomas-Lemar,fr FRA,MF,Atlético Madrid,25-156,1995,14.1,1,20,8,40,1.42,0.57,0.05,0.13,21
Clément Lenglet\Clement-Lenglet,fr FRA,DF,Barcelona,25-304,1995,22.1,1,9,4,44.4,0.41,0.18,0.11,0.25,11.9
Pedro León\Pedro-Leon,es ESP,MFFW,Eibar,34-144,1986,8.9,1,15,6,40,1.69,0.68,0.07,0.17,24.8
Sergio León\Sergio-Leon,es ESP,FW,Levante,32-101,1989,7.4,1,17,4,23.5,2.31,0.54,0.06,0.25,13.3
Diego Llorente\Diego-Llorente,es ESP,DF,Real Sociedad,27-244,1993,1,0,0,0,,0,0,,,
Marcos Llorente\Marcos-Llorente,es ESP,MFDF,Atlético Madrid,26-077,1995,25.1,9,35,16,45.7,1.39,0.64,0.26,0.56,17.6
Renan Lodi\Renan-Lodi,br BRA,DF,Atlético Madrid,23-009,1998,9.1,0,9,2,22.2,0.99,0.22,0,0,18.8
Pedro López Muñoz\Pedro-Lopez-Munoz,es ESP,DF,Huesca,37-167,1983,8.7,0,3,0,0,0.34,0,0,,22.6
Adrián López\Adrian-Lopez,es ESP,FWMF,Osasuna,33-099,1988,4.5,1,10,2,20,2.2,0.44,0.1,0.5,14.6
Javi López\Javi-Lopez,es ESP,DFMF,Alavés,19-106,2002,2.8,0,1,1,100,0.36,0.36,0,0,17.5
Roberto López\Roberto-Lopez,es ESP,MF,Real Sociedad,20-358,2000,4.9,3,12,3,25,2.45,0.61,0.25,1,24.1
Unai López\Unai-Lopez,es ESP,MF,Athletic Club,25-169,1995,12.2,3,19,8,42.1,1.56,0.66,0.16,0.38,25.9
Anthony Lozano\Anthony-Lozano,hn HON,FW,Cádiz,27-357,1993,12.1,3,29,13,44.8,2.39,1.07,0.1,0.23,12.9
Jeison Lucumí\Jeison-Lucumi,co COL,FW,Elche,26-009,1995,0.5,0,0,0,,0,0,,,
José Luis Gayà\Jose-Luis-Gaya,es ESP,DF,Valencia,25-327,1995,25.5,0,18,4,22.2,0.71,0.16,0,0,18.9
José Luis Morales\Jose-Luis-Morales,es ESP,FWMF,Levante,33-268,1987,22.4,10,46,21,45.7,2.06,0.94,0.22,0.48,16.3
Luisinho\Luisinho,pt POR,DF,Huesca,35-347,1985,2,0,1,0,0,0.5,0,0,,32.3
Luismi\Luismi,es ESP,MFDF,Elche,28-347,1992,1.6,0,0,0,,0,0,,,
Darwin Machís\Darwin-Machis,ve VEN,FWMF,Granada,28-069,1993,17.4,2,39,16,41,2.24,0.92,0.05,0.13,21.6
Pablo Maffeo\Pablo-Maffeo,es ESP,DF,Huesca,23-279,1997,18,1,10,5,50,0.56,0.28,0.1,0.2,17.7
Abdallahi Mahmoud\Abdallahi-Mahmoud,mr MTN,MF,Alavés,20-348,2000,0.7,0,0,0,,0,0,,,
Nemanja Maksimović\Nemanja-Maksimovic,rs SRB,MF,Getafe,26-081,1995,23,1,11,2,18.2,0.48,0.09,0.09,0.5,14.5
Filip Malbašić\Filip-Malbasic,rs SRB,FWMF,Cádiz,28-150,1992,5.7,0,6,0,0,1.06,0,0,,15.1
Hugo Mallo\Hugo-Mallo,es ESP,DF,Celta Vigo,29-299,1991,26,2,18,10,55.6,0.69,0.38,0.11,0.2,14.6
Mickael Malsa\Mickael-Malsa,mq MTQ,MF,Levante,25-187,1995,19.9,0,18,5,27.8,0.9,0.25,0,0,22.1
Aïssa Mandi\Aissa-Mandi,dz ALG,DF,Betis,29-177,1991,22.6,3,9,7,77.8,0.4,0.31,0.33,0.43,7.7
Eliaquim Mangala\Eliaquim-Mangala,fr FRA,DF,Valencia,30-063,1991,3.5,0,2,0,0,0.58,0,0,,7
Maranhão\Maranhao,br BRA,FW,Valladolid,24-179,1996,9.5,3,22,9,40.9,2.32,0.95,0.14,0.33,15.2
Marcelo\Marcelo,br BRA,DF,Real Madrid,32-340,1988,7.9,0,9,0,0,1.14,0,0,,20.7
Iván Marcone\Ivan-Marcone,ar ARG,MF,Elche,30-318,1990,23.8,0,2,0,0,0.08,0,0,,16.9
Óscar de Marcos\Oscar-de-Marcos,es ESP,DFMF,Athletic Club,32-003,1989,11,1,6,5,83.3,0.54,0.45,0.17,0.2,11.3
José Mari\Jose-Mari,es ESP,MF,Cádiz,33-132,1987,10.9,0,10,2,20,0.92,0.18,0,0,25.7
José María Giménez\Jose-Maria-Gimenez,uy URU,DF,Atlético Madrid,26-087,1995,15.7,0,12,3,25,0.76,0.19,0,0,12.3
Mariano\Mariano,do DOM,FW,Real Madrid,27-259,1993,4.4,1,11,3,27.3,2.51,0.68,0.09,0.33,15.6
Adrián Marín\Adrian-Marin,es ESP,DF,Granada,24-098,1997,1.9,0,0,0,,0,0,,,
Adrián Marín\Adrian-Marin,es ESP,DFMF,Alavés,24-098,1997,1,0,1,0,0,0.97,0,0,,21.2
Roger Martí\Roger-Marti,es ESP,FW,Levante,30-104,1991,19.4,11,34,17,50,1.76,0.88,0.26,0.53,15.3
Aarón Martín\Aaron-Martin,es ESP,DF,Celta Vigo,23-360,1997,10.8,0,3,1,33.3,0.28,0.09,0,0,16.2
Álex Martín\Alex-Martin,es ESP,DF,Cádiz,23-082,1998,0.1,0,0,0,,0,0,,,
Iñigo Martínez\Inigo-Martinez,es ESP,DF,Athletic Club,29-335,1991,23,0,12,4,33.3,0.52,0.17,0,0,23.2
Javi Martínez\Javi-Martinez,es ESP,MFFW,Osasuna,21-116,1999,2.8,0,1,0,0,0.36,0,0,,22.6
Marvin\Marvin,es ESP,DFFW,Real Madrid,20-288,2000,1,0,0,0,,0,0,,,
Jordi Masip\Jordi-Masip,es ESP,GK,Valladolid,32-104,1989,20,0,0,0,,0,0,,,
Jaime Mata\Jaime-Mata,es ESP,FW,Getafe,32-175,1988,17.8,5,30,13,43.3,1.69,0.73,0.13,0.31,11.4
Borja Mayoral\Borja-Mayoral,es ESP,FW,Real Madrid,24-012,1997,0.3,0,0,0,,0,0,,,
Gonzalo Melero\Gonzalo-Melero,es ESP,MFFW,Levante,27-105,1994,14.6,4,21,5,23.8,1.44,0.34,0.19,0.8,14
Brais Méndez\Brais-Mendez,es ESP,MFFW,Celta Vigo,24-100,1997,22.3,6,36,16,44.4,1.62,0.72,0.17,0.38,15.7
Édgar Méndez\Edgar-Mendez,es ESP,MFFW,Alavés,31-105,1990,19.5,4,26,9,34.6,1.33,0.46,0.15,0.44,17.4
Eñaut Mendía\Enaut-Mendia,es ESP,FW,Eibar,21-296,1999,0.7,0,1,0,0,1.48,0,0,,27.2
Ferland Mendy\Ferland-Mendy,fr FRA,DF,Real Madrid,25-313,1995,24.5,1,12,2,16.7,0.49,0.08,0.08,0.5,19
Mikel Merino\Mikel-Merino,es ESP,MF,Real Sociedad,24-299,1996,23.9,2,33,8,24.2,1.38,0.33,0.06,0.25,13.6
Martín Merquelanz\Martin-Merquelanz,es ESP,FWMF,Real Sociedad,25-309,1995,5.8,0,10,4,40,1.73,0.69,0,0,18.7
Roque Mesa\Roque-Mesa,es ESP,MF,Valladolid,31-314,1989,15,1,17,4,23.5,1.13,0.27,0,0,25
Lionel Messi\Lionel-Messi,ar ARG,FWMF,Barcelona,33-297,1987,26.6,23,153,71,46.4,5.75,2.67,0.13,0.28,19.1
Omenuke Mfulu\Omenuke-Mfulu,cd COD,MF,Elche,27-028,1994,5.5,0,0,0,,0,0,,,
Míchel\Michel,es ESP,MF,Valladolid,32-262,1988,6.9,2,2,2,100,0.29,0.29,1,1,15
Éder Militão\Eder-Militao,br BRA,DFMF,Real Madrid,23-089,1998,4.6,0,3,0,0,0.65,0,0,,8
Luis Milla\Luis-Milla,es ESP,MF,Granada,26-192,1994,13.9,1,10,3,30,0.72,0.22,0.1,0.33,23.6
Pere Milla\Pere-Milla,es ESP,FWMF,Elche,28-206,1992,16.3,3,22,9,40.9,1.35,0.55,0.14,0.33,10.6
Alejandro Millán\Alejandro-Millan,es ESP,FW,Villarreal,21-161,1999,0,0,0,0,,0,0,,,
Santi Mina\Santi-Mina,es ESP,FW,Celta Vigo,25-131,1995,20.1,8,36,18,50,1.79,0.89,0.22,0.44,12.6
Óscar Mingueza\Oscar-Mingueza,es ESP,DF,Barcelona,21-339,1999,17.3,2,11,5,45.5,0.64,0.29,0.18,0.4,12.9
Rafa Mir\Rafa-Mir,es ESP,FW,Huesca,23-303,1997,24.3,12,85,33,38.8,3.5,1.36,0.12,0.3,14.8
Jorge Miramón\Jorge-Miramon,es ESP,DF,Levante,31-319,1989,17.2,0,9,0,0,0.52,0,0,,16.6
Juan Miranda\Juan-Miranda,es ESP,DF,Betis,21-088,2000,12.6,1,3,2,66.7,0.24,0.16,0.33,0.5,21.9
Luka Modrić\Luka-Modric,hr CRO,MF,Real Madrid,35-220,1985,24.8,3,35,10,28.6,1.41,0.4,0.09,0.3,21.4
Johan Mojica\Johan-Mojica,co COL,DF,Elche,28-239,1992,10.9,0,6,2,33.3,0.55,0.18,0,0,26.7
Guillem Molina\Guillem-Molina,es ESP,DF,Valencia,20-349,2000,0.8,0,0,0,,0,0,,,
Jorge Molina\Jorge-Molina,es ESP,FWMF,Granada,38-360,1982,12.9,5,21,9,42.9,1.63,0.7,0.24,0.56,12
Victor Mollejo\Victor-Mollejo,es ESP,MFDF,Getafe,20-086,2001,0.8,0,0,0,,0,0,,,
Jon Moncayola\Jon-Moncayola,es ESP,MF,Osasuna,22-339,1998,23.5,2,27,9,33.3,1.15,0.38,0.07,0.22,27.2
Nacho Monreal\Nacho-Monreal,es ESP,DF,Real Sociedad,35-050,1986,15.8,1,9,1,11.1,0.57,0.06,0.11,1,11.2
Ángel Montoro\Angel-Montoro,es ESP,MF,Granada,32-296,1988,12.9,1,10,1,10,0.78,0.08,0,0,31.6
Martín Montoya\Martin-Montoya,es ESP,DF,Betis,30-003,1991,2.7,0,2,0,0,0.75,0,0,,14.4
Emre Mor\Emre-Mor,tr TUR,FWMF,Celta Vigo,23-267,1997,5.6,0,8,2,25,1.44,0.36,0,0,18.8
Jon Morcillo\Jon-Morcillo,es ESP,FWMF,Athletic Club,22-214,1998,9.8,0,15,3,20,1.53,0.31,0,0,23.2
Alberto Moreno\Alberto-Moreno,es ESP,MF,Villarreal,28-286,1992,0.1,0,0,0,,0,0,,,
Álex Moreno\Alex-Moreno,es ESP,DF,Betis,27-313,1993,17.6,0,10,3,30,0.57,0.17,0,0,19.1
Gerard Moreno\Gerard-Moreno,es ESP,FWMF,Villarreal,29-010,1992,23.4,19,72,30,41.7,3.08,1.28,0.14,0.33,16
Tete Morente\Tete-Morente,es ESP,MFFW,Elche,24-134,1996,20.1,2,17,3,17.6,0.85,0.15,0.12,0.67,17.5
Loren Morón\Loren-Moron,es ESP,FWMF,Betis,27-108,1993,10.1,1,20,2,10,1.97,0.2,0.05,0.5,17.6
Pedro Mosquera\Pedro-Mosquera,es ESP,MF,Huesca,32-361,1988,19.4,0,7,1,14.3,0.36,0.05,0,0,30.5
Javi Moyano\Javi-Moyano,es ESP,DF,Valladolid,35-053,1986,1.1,0,0,0,,0,0,,,
Iker Muniain\Iker-Muniain,es ESP,MFFW,Athletic Club,28-119,1992,21.6,5,23,9,39.1,1.07,0.42,0.22,0.56,14.8
Aihen Muñoz\Aihen-Munoz,es ESP,DF,Real Sociedad,23-244,1997,13.4,0,4,1,25,0.3,0.07,0,0,21.5
Joaquín Muñoz\Joaquin-Munoz,es ESP,FW,Huesca,22-038,1999,0.5,0,1,1,100,2.2,2.2,0,0,14.4
Jeison Murillo\Jeison-Murillo,co COL,DF,Celta Vigo,28-325,1992,26,1,6,2,33.3,0.23,0.08,0.17,0.5,8.6
Yunus Musah\Yunus-Musah,us USA,MF,Valencia,18-139,2002,14.6,1,5,1,20,0.34,0.07,0.2,1,21
Yoshinori Mutō\Yoshinori-Muto,jp JPN,FWMF,Eibar,28-276,1992,11.6,1,19,6,31.6,1.64,0.52,0.05,0.17,16.1
Nacho\Nacho,es ESP,DF,Valladolid,32-041,1989,18.1,0,8,1,12.5,0.44,0.06,0,0,21.3
Nacho\Nacho,es ESP,DF,Real Madrid,31-089,1990,16.5,0,6,2,33.3,0.36,0.12,0,0,10.3
Nano\Nano,es ESP,FWMF,Cádiz,26-071,1995,0.1,0,0,0,,0,0,,,
Roberto Navarro\Roberto-Navarro,es ESP,MF,Real Sociedad,19-005,2002,0.4,0,0,0,,0,0,,,
Ximo Navarro\Ximo-Navarro,es ESP,DF,Alavés,31-084,1990,20.4,1,12,3,25,0.59,0.15,0.08,0.33,25.2
Jesús Navas\Jesus-Navas,es ESP,DF,Sevilla,35-147,1985,24.4,0,14,2,14.3,0.57,0.08,0,0,19.6
Raúl Navas\Raul-Navas,es ESP,DF,Osasuna,32-341,1988,1.9,0,0,0,,0,0,,,
Álvaro Negredo\Alvaro-Negredo,es ESP,FW,Cádiz,35-240,1985,21,7,43,18,41.9,2.05,0.86,0.16,0.39,13.2
Neto\Neto,br BRA,GK,Barcelona,31-272,1989,6,0,0,0,,0,0,,,
Carlos Neva\Carlos-Neva,es ESP,DF,Granada,24-309,1996,19.1,0,8,1,12.5,0.42,0.05,0,0,22.1
Mamor Niang\Mamor-Niang,sn SEN,FWMF,Getafe,19-072,2002,0.2,0,1,0,0,4.09,0,0,,8
Manuel Nieto\Manuel-Nieto,es ESP,FWMF,Cádiz,23-019,1998,0.2,0,1,0,0,6.43,0,0,,3
Saúl Ñíguez\Saul-Niguez,es ESP,MFDF,Atlético Madrid,26-147,1994,17.1,2,23,8,34.8,1.35,0.47,0.09,0.25,18.1
Nino\Nino,es ESP,MFFW,Elche,40-311,1980,2.6,0,3,1,33.3,1.15,0.38,0,0,13
Fernando Niño\Fernando-Nino,es ESP,FW,Villarreal,20-175,2000,5.7,3,13,7,53.8,2.29,1.23,0.23,0.43,9.2
Nolito\Nolito,es ESP,MFFW,Celta Vigo,34-184,1986,22.7,6,48,23,47.9,2.12,1.01,0.13,0.26,17.5
Unai Núñez\Unai-Nunez,es ESP,DF,Athletic Club,24-077,1997,16.4,1,11,5,45.5,0.67,0.3,0.09,0.2,10.6
Kelechi Nwakali\Kelechi-Nwakali,ng NGA,MFFW,Huesca,22-316,1998,1.6,0,0,0,,0,0,,,
Allan Nyom\Allan-Nyom,cm CMR,MFDF,Getafe,32-342,1988,21.5,0,9,2,22.2,0.42,0.09,0,0,14.5
Jan Oblak\Jan-Oblak,si SVN,GK,Atlético Madrid,28-100,1993,30,0,0,0,,0,0,,,
Lucas Ocampos\Lucas-Ocampos,ar ARG,FW,Sevilla,26-280,1994,22.7,4,47,10,21.3,2.07,0.44,0,0,16.8
Álvaro Odriozola\Alvaro-Odriozola,es ESP,DF,Real Madrid,25-124,1995,3,0,0,0,,0,0,,,
Shinji Okazaki\Shinji-Okazaki,jp JPN,FW,Huesca,35-001,1986,11.6,1,18,4,22.2,1.56,0.35,0.06,0.25,13.7
Lucas Olaza\Lucas-Olaza,uy URU,DF,Celta Vigo,26-270,1994,17.9,0,11,2,18.2,0.61,0.11,0,0,26.9
Lucas Olaza\Lucas-Olaza,uy URU,DF,Valladolid,26-270,1994,8,0,3,0,0,0.37,0,0,,20.5
Christian Oliva\Christian-Oliva,uy URU,MF,Valencia,24-320,1996,1.5,0,1,1,100,0.68,0.68,0,0,31.1
Paulo Oliveira\Paulo-Oliveira,pt POR,DF,Eibar,29-099,1992,22.2,0,8,3,37.5,0.36,0.14,0,0,11.5
Mathías Olivera\Mathias-Olivera,uy URU,DF,Getafe,23-168,1997,23,0,9,2,22.2,0.39,0.09,0,0,12.2
Javier Ontiveros\Javier-Ontiveros,es ESP,FWMF,Huesca,23-220,1997,10.2,2,35,9,25.7,3.43,0.88,0.03,0.11,24.8
Fabián Orellana\Fabian-Orellana,cl CHI,MFFW,Valladolid,35-080,1986,20.5,5,21,11,52.4,1.02,0.54,0.05,0.09,18.9
Mikel Oyarzabal\Mikel-Oyarzabal,es ESP,FWMF,Real Sociedad,23-361,1997,20.1,10,50,19,38,2.48,0.94,0.08,0.21,19.3
Fernando Pacheco\Fernando-Pacheco,es ESP,GK,Alavés,28-334,1992,30,0,0,0,,0,0,,,
Helibelton Palacios\Helibelton-Palacios,co COL,DF,Elche,27-312,1993,3.5,0,0,0,,0,0,,,
Ante Palaversa\Ante-Palaversa,hr CRO,MFFW,Getafe,21-011,2000,0.1,0,0,0,,0,0,,,
Daniel Parejo\Daniel-Parejo,es ESP,MF,Villarreal,32-001,1989,27.6,3,25,9,36,0.91,0.33,0.12,0.33,23
Thomas Partey\Thomas-Partey,gh GHA,MF,Atlético Madrid,27-308,1993,2.2,0,5,0,0,2.25,0,0,,35.5
Gabriel Paulista\Gabriel-Paulista,br BRA,DF,Valencia,30-142,1990,23.2,3,12,5,41.7,0.52,0.22,0.25,0.6,15.1
Alfonso Pedraza\Alfonso-Pedraza,es ESP,DF,Villarreal,25-008,1996,19.3,1,19,6,31.6,0.99,0.31,0.05,0.17,17.7
Pedri\Pedri,es ESP,MF,Barcelona,18-143,2002,22,2,18,5,27.8,0.82,0.23,0.11,0.4,16.5
Facundo Pellistri\Facundo-Pellistri,uy URU,MF,Alavés,19-118,2001,4.3,0,5,2,40,1.17,0.47,0,0,20.8
Rubén Peña\Ruben-Pena,es ESP,DF,Villarreal,29-273,1991,9.9,1,6,2,33.3,0.6,0.2,0.17,0.5,15.6
Pepe\Pepe,es ESP,DF,Granada,21-046,2000,1.8,0,1,0,0,0.55,0,0,,24.7
Alberto Perea\Alberto-Perea,es ESP,MF,Cádiz,30-119,1990,15.6,1,25,5,20,1.61,0.32,0.04,0.2,21.2
Iñigo Pérez\Inigo-Perez,es ESP,MFDF,Osasuna,33-089,1988,14.1,0,9,2,22.2,0.64,0.14,0,0,25.4
Juan Pérez\Juan-Perez,es ESP,GK,Osasuna,24-276,1996,1,0,0,0,,0,0,,,
Kike Pérez\Kike-Perez,es ESP,MF,Valladolid,24-062,1997,11.5,0,13,4,30.8,1.13,0.35,0,0,21.4
Lucas Pérez\Lucas-Perez,es ESP,FW,Alavés,32-219,1988,15,4,21,6,28.6,1.4,0.4,0.05,0.17,18.4
Luis Pérez\Luis-Perez,es ESP,DF,Valladolid,26-072,1995,12.4,0,1,0,0,0.08,0,0,,19.7
Nehuén Pérez\Nehuen-Perez,ar ARG,DF,Granada,20-297,2000,5.3,0,4,0,0,0.75,0,0,,9.1
Pablo Piatti\Pablo-Piatti,ar ARG,FWMF,Elche,32-017,1989,0.3,0,1,1,100,3.21,3.21,0,0,22
Tomás Pina Isla\Tomas-Pina-Isla,es ESP,MF,Alavés,33-185,1987,21.1,1,9,1,11.1,0.43,0.05,0.11,1,17.3
Yeremi Pino\Yeremi-Pino,es ESP,FWMF,Villarreal,18-179,2002,5.4,1,7,2,28.6,1.29,0.37,0.14,0.5,13.7
Gerard Piqué\Gerard-Pique,es ESP,DF,Barcelona,34-074,1987,10.3,0,3,0,0,0.29,0,0,,7.8
Miralem Pjanić\Miralem-Pjanic,ba BIH,MF,Barcelona,31-015,1990,6.7,0,15,3,20,2.23,0.45,0,0,21.8
Óscar Plano\Oscar-Plano,es ESP,MFFW,Valladolid,30-065,1991,20.3,3,24,6,25,1.18,0.3,0.13,0.5,16.8
Dani Plomer\Dani-Plomer,es ESP,FW,Granada,22-138,1998,0.5,0,0,0,,0,0,,,
Jorge Pombo\Jorge-Pombo,es ESP,FWMF,Cádiz,27-054,1994,4.8,1,13,4,30.8,2.7,0.83,0.08,0.25,20.1
Pere Pons\Pere-Pons,es ESP,MF,Alavés,28-056,1993,8.2,0,4,1,25,0.49,0.12,0,0,15.1
Francisco Portillo\Francisco-Portillo,es ESP,MFFW,Getafe,30-308,1990,4.6,0,0,0,,0,0,,,
Portu\Portu,es ESP,FWMF,Real Sociedad,28-331,1992,18.9,7,25,9,36,1.32,0.48,0.28,0.78,13
Sergio Postigo\Sergio-Postigo,es ESP,DF,Levante,32-164,1988,14.4,0,1,0,0,0.07,0,0,,11.2
Darío Poveda\Dario-Poveda,es ESP,FW,Getafe,24-035,1997,0.1,0,0,0,,0,0,,,
Alejandro Pozo Pozo\Alejandro-Pozo-Pozo,es ESP,DFMF,Eibar,22-054,1999,21.6,0,10,1,10,0.46,0.05,0,0,22.3
Antonio Puertas\Antonio-Puertas,es ESP,FWMF,Granada,29-055,1992,18.4,1,21,8,38.1,1.14,0.44,0.05,0.13,15.3
Riqui Puig\Riqui-Puig,es ESP,MF,Barcelona,21-247,1999,2.3,1,4,2,50,1.76,0.88,0.25,0.5,17
Jorge Pulido\Jorge-Pulido,es ESP,DF,Huesca,30-009,1991,25.1,1,15,2,13.3,0.6,0.08,0.07,0.5,12.5
Domingos Quina\Domingos-Quina,pt POR,MF,Granada,21-150,1999,3.4,2,7,2,28.6,2.03,0.58,0.29,1,21.9
Quini\Quini,es ESP,DF,Granada,31-205,1989,6.7,1,5,2,40,0.74,0.3,0.2,0.5,22.5
Quique\Quique,es ESP,FWMF,Eibar,30-336,1990,1.1,0,2,1,50,1.75,0.87,0,0,16.5
Dani Raba\Dani-Raba,es ESP,MF,Villarreal,25-170,1995,0.3,0,2,0,0,6,0,0,,21
Uroš Račić\Uros-Racic,rs SRB,MF,Valencia,23-031,1998,18.4,1,27,7,25.9,1.47,0.38,0.04,0.14,21.4
Nemanja Radoja\Nemanja-Radoja,rs SRB,MF,Levante,28-070,1993,12.5,0,7,0,0,0.56,0,0,,22.2
Ivan Rakitić\Ivan-Rakitic,hr CRO,MF,Sevilla,33-038,1988,20.5,2,31,7,22.6,1.51,0.34,0.06,0.29,18.5
Sandro Ramírez\Sandro-Ramirez,es ESP,FWMF,Huesca,25-282,1995,7.6,4,14,11,78.6,1.84,1.45,0.29,0.36,17.5
Sergio Ramos\Sergio-Ramos,es ESP,DF,Real Madrid,35-018,1986,14.2,2,15,4,26.7,1.06,0.28,0,0,12.1
Recio\Recio,es ESP,MF,Eibar,30-096,1991,4.2,0,8,0,0,1.9,0,0,,19.7
Francisco Reis Ferreira\Francisco-Reis-Ferreira,pt POR,DF,Valencia,24-022,1997,1,0,0,0,,0,0,,,
Karim Rekik\Karim-Rekik,nl NED,DF,Sevilla,26-136,1994,6.3,0,3,0,0,0.48,0,0,,8.4
Álex Remiro\Alex-Remiro,es ESP,GK,Real Sociedad,26-024,1995,30,0,0,0,,0,0,,,
Oriol Rey\Oriol-Rey,es ESP,MF,Valladolid,23-051,1998,0.2,0,0,0,,0,0,,,
Ricard\Ricard,es ESP,DF,Atlético Madrid,21-054,2000,0.3,0,1,0,0,3,0,0,,19.2
Mikel Rico\Mikel-Rico,es ESP,MF,Huesca,36-164,1984,19.4,1,16,5,31.3,0.82,0.26,0.06,0.2,15.3
Emiliano Rigoni\Emiliano-Rigoni,ar ARG,MFFW,Elche,28-072,1993,11.7,1,13,4,30.8,1.11,0.34,0.08,0.25,21.9
Luis Rioja\Luis-Rioja,es ESP,MFDF,Alavés,27-183,1993,19,2,18,8,44.4,0.95,0.42,0.11,0.25,18
Rober\Rober,es ESP,DF,Levante,26-060,1995,9.5,0,0,0,,0,0,,,
Roberto\Roberto,es ESP,GK,Valladolid,35-066,1986,10,0,0,0,,0,0,,,
Sergi Roberto\Sergi-Roberto,es ESP,DFMF,Barcelona,29-069,1992,7.5,1,4,1,25,0.53,0.13,0.25,1,18.1
Joel Robles\Joel-Robles,es ESP,GK,Betis,30-304,1990,18,0,0,0,,0,0,,,
Rubén Rochina\Ruben-Rochina,es ESP,MF,Levante,30-025,1991,14.2,0,33,7,21.2,2.32,0.49,0,0,24.6
Rodrigo\Rodrigo,es ESP,FWMF,Betis,20-336,2000,4.2,0,3,0,0,0.71,0,0,,23.4
Kévin Rodrigues\Kevin-Rodrigues,pt POR,DFMF,Eibar,27-043,1994,10.7,1,9,4,44.4,0.84,0.37,0.11,0.25,22.1
Óscar Rodríguez Arnaiz\Oscar-Rodriguez-Arnaiz,es ESP,MFFW,Sevilla,22-293,1998,4,0,8,1,12.5,1.99,0.25,0,0,22.6
Ángel Rodríguez\Angel-Rodriguez,es ESP,FWMF,Getafe,33-356,1987,12.8,5,28,9,32.1,2.18,0.7,0.14,0.44,16.9
Guido Rodríguez\Guido-Rodriguez,ar ARG,MF,Betis,27-005,1994,23.8,1,22,4,18.2,0.92,0.17,0.05,0.25,19.6
Miguel Rodríguez\Miguel-Rodriguez,es ESP,FWMF,Celta Vigo,17-353,2003,0.3,0,0,0,,0,0,,,
Víctor Rodríguez\Victor-Rodriguez,es ESP,MF,Elche,31-268,1989,3.9,0,0,0,,0,0,,,
Rodrygo\Rodrygo,br BRA,FW,Real Madrid,20-098,2001,6.4,0,13,4,30.8,2.05,0.63,0,0,14.8
Facundo Roncaglia\Facundo-Roncaglia,ar ARG,DF,Osasuna,34-066,1987,12.5,1,12,2,16.7,0.96,0.16,0.08,0.5,26.2
Rubén\Ruben,es ESP,GKMF,Osasuna,36-299,1984,2.1,0,0,0,,0,0,,,
Waldo Rubio\Waldo-Rubio,es ESP,FW,Valladolid,25-243,1995,4,1,8,1,12.5,1.98,0.25,0,0,23.1
Aitor Ruibal\Aitor-Ruibal,es ESP,FWMF,Betis,25-026,1996,13.9,1,22,8,36.4,1.58,0.57,0.05,0.13,18.3
Isma Ruiz\Isma-Ruiz,es ESP,MF,Granada,20-062,2001,0.7,0,0,0,,0,0,,,
Víctor Ruiz\Victor-Ruiz,es ESP,DF,Betis,32-082,1989,17,1,3,3,100,0.18,0.18,0.33,0.33,13.6
Modibo Sagnan\Modibo-Sagnan,ml MLI,DFMF,Real Sociedad,22-003,1999,6.2,0,5,1,20,0.81,0.16,0,0,24.1
Borja Sainz\Borja-Sainz,es ESP,MFFW,Alavés,20-075,2001,4.7,1,7,4,57.1,1.49,0.85,0.14,0.25,15
Salvi\Salvi,es ESP,MFFW,Cádiz,30-018,1991,19.5,2,16,5,31.3,0.82,0.26,0.13,0.4,18.2
Fede San Emeterio\Fede-San-Emeterio,es ESP,MF,Valladolid,24-032,1997,13.2,0,3,0,0,0.23,0,0,,23
Antonio Sanabria\Antonio-Sanabria,py PAR,FW,Betis,25-044,1996,10.4,3,24,12,50,2.32,1.16,0.13,0.25,11.6
Oihan Sancet\Oihan-Sancet,es ESP,FWMF,Athletic Club,20-357,2000,5.2,1,8,3,37.5,1.54,0.58,0.13,0.33,13
Juan Sánchez Miño\Juan-Sanchez-Mino,ar ARG,DFMF,Elche,31-106,1990,5.5,0,0,0,,0,0,,,
Germán Sánchez\German-Sanchez,es ESP,DF,Granada,34-168,1986,21.9,3,10,4,40,0.46,0.18,0.3,0.75,9
Javi Sánchez\Javi-Sanchez,es ESP,DF,Valladolid,24-034,1997,7.9,0,2,0,0,0.25,0,0,,7
Manuel Sánchez\Manuel-Sanchez,es ESP,DF,Osasuna,20-236,2000,5.6,0,3,1,33.3,0.54,0.18,0,0,18.2
Manuel Sánchez\Manuel-Sanchez,es ESP,DF,Atlético Madrid,20-236,2000,0.5,0,0,0,,0,0,,,
Oier Sanjurjo\Oier-Sanjurjo,es ESP,MF,Osasuna,34-327,1986,19.9,0,12,3,25,0.6,0.15,0,0,15.1
Ivan Šaponjić\Ivan-Saponjic,rs SRB,FW,Cádiz,23-258,1997,1.5,0,3,2,66.7,2.06,1.37,0,0,8.3
Stefan Savić\Stefan-Savic,me MNE,DF,Atlético Madrid,30-099,1991,26,0,5,1,20,0.19,0.04,0,0,5.9
Jaime Seoane\Jaime-Seoane,es ESP,MF,Huesca,24-085,1997,17.7,1,17,6,35.3,0.96,0.34,0.06,0.17,18.9
Edgar Sevikyan\Edgar-Sevikyan,ru RUS,MF,Levante,19-252,2001,0.1,0,0,0,,0,0,,,
Sidnei\Sidnei,br BRA,DF,Betis,31-237,1989,7.7,0,1,0,0,0.13,0,0,,5.1
David Silva\David-Silva,es ESP,MF,Real Sociedad,35-099,1986,12.8,1,14,2,14.3,1.1,0.16,0.07,0.5,13.7
Gastón Silva\Gaston-Silva,uy URU,DF,Huesca,27-043,1994,4.5,0,0,0,,0,0,,,
Rui Silva\Rui-Silva,pt POR,GK,Granada,27-069,1994,29,0,0,0,,0,0,,,
Unai Simón\Unai-Simon,es ESP,GK,Athletic Club,23-310,1997,30,0,0,0,,0,0,,,
Dimitris Siovas\Dimitris-Siovas,gr GRE,DF,Huesca,32-213,1988,27.8,2,21,7,33.3,0.76,0.25,0.1,0.29,11
Rafa Soares\Rafa-Soares,pt POR,DF,Eibar,25-343,1995,10.5,0,2,0,0,0.19,0,0,,19.9
Rubén Sobrino\Ruben-Sobrino,es ESP,MFFW,Valencia,28-320,1992,0.5,0,0,0,,0,0,,,
Rubén Sobrino\Ruben-Sobrino,es ESP,FWMF,Cádiz,28-320,1992,6.8,0,3,1,33.3,0.44,0.15,0,0,13.9
Augusto Solari\Augusto-Solari,ar ARG,MF,Celta Vigo,29-104,1992,2.9,0,1,0,0,0.34,0,0,,19
Roberto Soldado\Roberto-Soldado,es ESP,FW,Granada,35-325,1985,13.6,6,24,8,33.3,1.77,0.59,0.21,0.63,16.8
Carlos Soler\Carlos-Soler,es ESP,MF,Valencia,24-105,1997,23.7,7,21,6,28.6,0.89,0.25,0.05,0.17,26.8
Son\Son,es ESP,DFMF,Levante,27-018,1994,9.7,0,7,5,71.4,0.72,0.52,0,0,18.3
David Soria\David-Soria,es ESP,GK,Getafe,28-013,1993,21,0,0,0,,0,0,,,
Alberto Soro\Alberto-Soro,es ESP,FWMF,Granada,22-039,1999,2.8,1,1,1,100,0.35,0.35,1,1,1
Damián Suárez\Damian-Suarez,uy URU,DF,Getafe,32-355,1988,20.4,1,8,2,25,0.39,0.1,0.13,0.5,33
Denis Suárez\Denis-Suarez,es ESP,MF,Celta Vigo,27-101,1994,24.1,0,11,1,9.1,0.46,0.04,0,0,22.1
Luis Suárez\Luis-Suarez,uy URU,FW,Atlético Madrid,34-083,1987,22.7,19,78,34,43.6,3.43,1.5,0.21,0.47,16.6
Suso\Suso,es ESP,FW,Sevilla,27-149,1993,18.2,3,36,13,36.1,1.98,0.71,0.08,0.23,22.5
Tachi\Tachi,es ESP,DF,Alavés,23-219,1997,7.4,0,1,0,0,0.13,0,0,,9
Renato Tapia\Renato-Tapia,pe PER,MF,Celta Vigo,25-263,1995,26.7,0,14,3,21.4,0.52,0.11,0,0,15.5
Tomás Tavares\Tomas-Tavares,pt POR,MFDF,Alavés,20-041,2001,0.7,0,0,0,,0,0,,,
Álvaro Tejero\Alvaro-Tejero,es ESP,DF,Eibar,24-271,1996,1.2,0,2,1,50,1.64,0.82,0,0,26.7
Cristian Tello\Cristian-Tello,es ESP,FWMF,Betis,29-249,1991,11,5,29,12,41.4,2.65,1.1,0.17,0.42,20.3
Marc-André ter Stegen\Marc-Andre-ter-Stegen,de GER,GK,Barcelona,28-352,1992,24,0,1,0,0,0.04,0,0,,18
David Timor\David-Timor,es ESP,MFDF,Getafe,31-182,1989,10.5,0,13,3,23.1,1.24,0.29,0,0,31.9
Toño\Tono,es ESP,DF,Levante,31-161,1989,5.4,0,2,0,0,0.37,0,0,,26.8
Lucas Torreira\Lucas-Torreira,uy URU,MFFW,Atlético Madrid,25-065,1996,5.2,1,2,1,50,0.39,0.19,0.5,1,21.9
Óliver Torres\Oliver-Torres,es ESP,MFFW,Sevilla,26-158,1994,13.8,0,10,3,30,0.72,0.22,0,0,18.7
Pau Torres\Pau-Torres,es ESP,DF,Villarreal,24-091,1997,27,2,8,3,37.5,0.3,0.11,0.25,0.67,7.3
Roberto Torres\Roberto-Torres,es ESP,MFFW,Osasuna,32-041,1989,16.2,4,30,8,26.7,1.86,0.49,0.1,0.38,22.6
Lucas Torró\Lucas-Torro,es ESP,MF,Osasuna,26-272,1994,11.8,0,12,5,41.7,1.01,0.42,0,0,24.2
Manu Trigueros\Manu-Trigueros,es ESP,MF,Villarreal,29-182,1991,22.2,1,26,7,26.9,1.17,0.31,0.04,0.14,21.7
Francisco Trincão\Francisco-Trincao,pt POR,FWMF,Barcelona,21-109,1999,6.7,3,22,12,54.5,3.28,1.79,0.14,0.25,16.2
Kieran Trippier\Kieran-Trippier,eng ENG,DF,Atlético Madrid,30-210,1990,19.9,0,2,1,50,0.1,0.05,0,0,17.3
Samuel Umtiti\Samuel-Umtiti,fr FRA,DF,Barcelona,27-154,1993,5.5,0,0,0,,0,0,,,
Enes Ünal\Enes-Unal,tr TUR,FW,Getafe,23-342,1997,8.6,1,17,3,17.6,1.98,0.35,0.06,0.33,12.8
Tomáš Vaclík\Tomas-Vaclik,cz CZE,GK,Sevilla,32-019,1989,4,0,0,0,,0,0,,,
Eugeni Valderrama\Eugeni-Valderrama,es ESP,FWMF,Huesca,26-272,1994,1.3,0,0,0,,0,0,,,
Jesús Vallejo\Jesus-Vallejo,es ESP,DF,Granada,24-102,1997,13.6,0,1,0,0,0.07,0,0,,12
Manu Vallejo\Manu-Vallejo,es ESP,FW,Valencia,24-062,1997,9.3,5,15,11,73.3,1.62,1.19,0.33,0.45,11.5
Federico Valverde\Federico-Valverde,uy URU,MF,Real Madrid,22-269,1998,11.1,3,19,7,36.8,1.71,0.63,0.16,0.43,18.2
Raphaël Varane\Raphael-Varane,fr FRA,DF,Real Madrid,27-357,1993,27,2,17,4,23.5,0.63,0.15,0.12,0.5,8.9
Denis Vavro\Denis-Vavro,sk SVK,DF,Huesca,25-007,1996,2,0,4,1,25,1.97,0.49,0,0,21.4
Franco Vázquez\Franco-Vazquez,ar ARG,FWMF,Sevilla,32-054,1989,0.9,1,2,1,50,2.25,1.13,0.5,1,16.5
Kevin Vázquez\Kevin-Vazquez,es ESP,DF,Celta Vigo,28-025,1993,1.1,0,0,0,,0,0,,,
Lucas Vázquez\Lucas-Vazquez,es ESP,DFFW,Real Madrid,29-290,1991,20.5,2,22,8,36.4,1.07,0.39,0.09,0.25,18.9
Koke Vegas\Koke-Vegas,es ESP,GK,Levante,25-202,1995,1,0,0,0,,0,0,,,
Gabriel Veiga\Gabriel-Veiga,es ESP,MFDF,Celta Vigo,18-325,2002,1.3,0,0,0,,0,0,,,
Unai Vencedor Paris\Unai-Vencedor-Paris,es ESP,MF,Athletic Club,20-153,2000,13.7,0,7,1,14.3,0.51,0.07,0,0,22.4
Gonzalo Verdú\Gonzalo-Verdu,es ESP,DF,Elche,32-178,1988,29,0,10,4,40,0.34,0.14,0,0,13.9
Mikel Vesga\Mikel-Vesga,es ESP,MF,Athletic Club,27-331,1993,14.3,0,19,4,21.1,1.33,0.28,0,0,15.7
Rúben Vezo\Ruben-Vezo,pt POR,DF,Levante,26-357,1994,20.6,1,5,2,40,0.24,0.1,0.2,0.5,14.1
Iñigo Vicente\Inigo-Vicente,es ESP,FW,Athletic Club,23-101,1998,0.4,0,1,0,0,2.73,0,0,,21.8
Fede Vico\Fede-Vico,es ESP,MFFW,Granada,26-287,1994,5.5,0,7,4,57.1,1.28,0.73,0,0,24
Aleix Vidal\Aleix-Vidal,es ESP,DF,Sevilla,31-239,1989,5.6,0,1,0,0,0.18,0,0,,25
Nacho Vidal\Nacho-Vidal,es ESP,DF,Osasuna,26-083,1995,21.1,0,6,2,33.3,0.28,0.09,0,0,18.4
Toni Villa\Toni-Villa,es ESP,MFFW,Valladolid,26-100,1995,8.8,2,12,4,33.3,1.36,0.45,0.17,0.5,17.9
Asier Villalibre\Asier-Villalibre,es ESP,FW,Athletic Club,23-199,1997,11.4,4,23,11,47.8,2.01,0.96,0.17,0.36,12.5
Iván Villar\Ivan-Villar,es ESP,GK,Celta Vigo,23-282,1997,11.8,0,0,0,,0,0,,,
Vitolo\Vitolo,es ESP,MFFW,Atlético Madrid,31-166,1989,2.9,0,2,0,0,0.68,0,0,,11.4
Šime Vrsaljko\Sime-Vrsaljko,hr CRO,DF,Atlético Madrid,29-097,1992,5.8,0,0,0,,0,0,,,
Nikola Vukčević\Nikola-Vukcevic,me MNE,MF,Levante,29-125,1991,9,0,2,0,0,0.22,0,0,,5.4
Daniel Wass\Daniel-Wass,dk DEN,MFDF,Valencia,31-321,1989,27.4,4,32,10,31.3,1.17,0.36,0.09,0.3,23.8
Shon Weissman\Shon-Weissman,il ISR,FW,Valladolid,25-062,1996,17.1,4,24,12,50,1.4,0.7,0.17,0.33,12.2
Iñaki Williams\Inaki-Williams,es ESP,FW,Athletic Club,26-306,1994,24.3,5,49,16,32.7,2.02,0.66,0.08,0.25,15.2
Jawad El Yamiq\Jawad-El-Yamiq,ma MAR,DF,Valladolid,29-047,1992,9.3,0,3,1,33.3,0.32,0.11,0,0,11.7
Rubén Yáñez\Ruben-Yanez,es ESP,GK,Getafe,27-187,1993,9,0,0,0,,0,0,,,
Yoel\Yoel,es ESP,GK,Eibar,32-232,1988,2.3,0,0,0,,0,0,,,
Okay Yokuşlu\Okay-Yokuslu,tr TUR,MF,Celta Vigo,27-039,1994,5.1,0,3,0,0,0.58,0,0,,16.8
Joseba Zaldúa\Joseba-Zaldua,es ESP,DF,Real Sociedad,28-297,1992,5.5,0,1,0,0,0.18,0,0,,18.4
Oier Zarraga\Oier-Zarraga,es ESP,MF,Athletic Club,22-103,1999,1.1,0,1,0,0,0.9,0,0,,16
Igor Zubeldia\Igor-Zubeldia,es ESP,DF,Real Sociedad,24-018,1997,19.5,0,8,2,25,0.41,0.1,0,0,17.7
Martín Zubimendi\Martin-Zubimendi,es ESP,MF,Real Sociedad,22-074,1999,14.3,0,6,1,16.7,0.42,0.07,0,0,13
Martin Ødegaard\Martin-Odegaard,no NOR,MFFW,Real Madrid,22-121,1998,2.6,0,3,0,0,1.15,0,0,,19.9